model	dataset	median_response_time	total_score	available_score	percentage_score
gpt-3.5-turbo	train	5.222760081291199	53.0	298	17.78523489932886
gpt-3.5-turbo	test	2.955362796783448	0.0	6	0.0
gpt-4	train	21.64164924621582	86.5	298	29.026845637583893
gpt-4	test	7.643978595733643	0.0	6	0.0
insolvency_bot_with_gpt-3.5-turbo	train	5.474655866622925	85.0	298	28.523489932885905
insolvency_bot_with_gpt-3.5-turbo	test	7.420558452606201	3.0	6	50.0
insolvency_bot_with_gpt-4	train	33.8770387172699	107.5	298	36.07382550335571
insolvency_bot_with_gpt-4	test	26.80529379844665	0.0	6	0.0
