model	dataset	median_response_time	total_score	available_score	percentage_score
gpt-3.5-turbo	train	5.222760081291199	53.0	298	17.78523489932886
gpt-3.5-turbo	test	8.425750255584717	60.0	296	20.27027027027027
gpt-4	train	21.64164924621582	86.5	298	29.026845637583893
gpt-4	test	33.47965955734253	61.5	296	20.777027027027025
insolvency_bot_with_gpt-3.5-turbo	train	5.474655866622925	85.0	298	28.523489932885905
insolvency_bot_with_gpt-3.5-turbo	test	9.466623902320862	87.5	296	29.56081081081081
insolvency_bot_with_gpt-4	train	33.8770387172699	107.5	298	36.07382550335571
insolvency_bot_with_gpt-4	test	52.64438033103943	139.0	296	46.95945945945946
